{
  "weights": {
    "recent_form": 0.03523272048225361,
    "surface": 0.011376677683233916,
    "distance": 0.13787599270642162,
    "speed_index": 0.12894845893707932,
    "class_change": -0.009376339119618745,
    "venue": 1.2444853736389976,
    "condition": 0.18575714655705033,
    "rest": 0.11435904334961676,
    "pace": 0.024077300635584546,
    "weight_stab": 0.013890929776950679,
    "pedigree": 0.06935403857464735
  },
  "bias": -1.054669859894551,
  "means": {
    "recent_form": 59.00987985891031,
    "surface": 48.05824246656282,
    "distance": 51.319308517304975,
    "speed_index": 65.85128287765662,
    "class_change": 64.28941111170793,
    "venue": 50.28028325365705,
    "condition": 50.253884442534606,
    "rest": 58.465202055469014,
    "pace": 55.50042613382034,
    "weight_stab": 81.66017439258026,
    "pedigree": 50.65961218241392
  },
  "stds": {
    "recent_form": 22.47846152110109,
    "surface": 10.31636974867269,
    "distance": 11.22358572086634,
    "speed_index": 28.233450521343553,
    "class_change": 13.995991605445594,
    "venue": 11.883642728278437,
    "condition": 12.729350366744772,
    "rest": 10.214304211814918,
    "pace": 17.150709736294104,
    "weight_stab": 8.588469236915229,
    "pedigree": 4.878256600781583
  },
  "n_samples": 55851,
  "accuracy": 0.8030473939589264,
  "importances": {
    "venue": 1.2444853736389976,
    "condition": 0.18575714655705033,
    "distance": 0.13787599270642162,
    "speed_index": 0.12894845893707932,
    "rest": 0.11435904334961676,
    "pedigree": 0.06935403857464735,
    "recent_form": 0.03523272048225361,
    "pace": 0.024077300635584546,
    "weight_stab": 0.013890929776950679,
    "surface": 0.011376677683233916,
    "class_change": 0.009376339119618745
  }
}