{
  "weights": {
    "recent_form": 0.09416110564659522,
    "surface": 0.057247044278316464,
    "distance": 0.1527695595459957,
    "speed_index": 0.10916080496675835,
    "class_change": -0.06331202534133579,
    "venue": 1.1790228657991506,
    "condition": 0.2757575307699374,
    "rest": 0.15329309439222097,
    "pace": -0.009381577820021761,
    "weight_stab": 0.07696634671009137,
    "pedigree": 0.0
  },
  "bias": -1.306119270760339,
  "means": {
    "recent_form": 58.99650905689259,
    "surface": 47.42546985287864,
    "distance": 50.61702100518752,
    "speed_index": 64.53690790033166,
    "class_change": 63.43344246959775,
    "venue": 49.26852198316184,
    "condition": 49.22449613062335,
    "rest": 58.93422059698954,
    "pace": 54.58776256484395,
    "weight_stab": 81.80972446636619,
    "pedigree": 50.0
  },
  "stds": {
    "recent_form": 22.216091349085684,
    "surface": 9.911342564772289,
    "distance": 10.718019921475562,
    "speed_index": 27.44115340896329,
    "class_change": 14.038653386499366,
    "venue": 10.81975336898046,
    "condition": 12.264230628611646,
    "rest": 10.32224073376401,
    "pace": 16.88856628457013,
    "weight_stab": 8.644948970342593,
    "pedigree": 1
  },
  "n_samples": 23518,
  "accuracy": 0.822689004167021,
  "importances": {
    "venue": 1.1790228657991506,
    "condition": 0.2757575307699374,
    "rest": 0.15329309439222097,
    "distance": 0.1527695595459957,
    "speed_index": 0.10916080496675835,
    "recent_form": 0.09416110564659522,
    "weight_stab": 0.07696634671009137,
    "class_change": 0.06331202534133579,
    "surface": 0.057247044278316464,
    "pace": 0.009381577820021761,
    "pedigree": 0.0
  }
}