{
  "weights": {
    "recent_form": 0.05369051518624373,
    "surface": -0.00386664918990748,
    "distance": 0.1408222927790189,
    "speed_index": 0.11696508074783554,
    "class_change": -0.026086686682855558,
    "venue": 1.2753957560343916,
    "condition": 0.20072786431133974,
    "rest": 0.09725682192813143,
    "pace": 0.015549318430356248,
    "weight_stab": 0.02383689724678497,
    "pedigree": 0.06883737172878475
  },
  "bias": -1.0269878152661203,
  "means": {
    "recent_form": 59.94106776180698,
    "surface": 48.285519423375106,
    "distance": 51.53563466454344,
    "speed_index": 66.66724636466496,
    "class_change": 64.15201148221095,
    "venue": 50.59628713908561,
    "condition": 50.55615387838914,
    "rest": 58.883103549427986,
    "pace": 55.481527888362734,
    "weight_stab": 81.73296106943803,
    "pedigree": 50.385324561035915
  },
  "stds": {
    "recent_form": 22.475601175121096,
    "surface": 10.481325061783902,
    "distance": 11.257793871532572,
    "speed_index": 28.000084013498327,
    "class_change": 14.010878881175096,
    "venue": 11.916088185793878,
    "condition": 12.886594431652034,
    "rest": 10.322106542487527,
    "pace": 17.044895493027667,
    "weight_stab": 8.594409984205404,
    "pedigree": 3.7634611692424222
  },
  "n_samples": 47726,
  "accuracy": 0.8050957549344173,
  "importances": {
    "venue": 1.2753957560343916,
    "condition": 0.20072786431133974,
    "distance": 0.1408222927790189,
    "speed_index": 0.11696508074783554,
    "rest": 0.09725682192813143,
    "pedigree": 0.06883737172878475,
    "recent_form": 0.05369051518624373,
    "class_change": 0.026086686682855558,
    "weight_stab": 0.02383689724678497,
    "pace": 0.015549318430356248,
    "surface": 0.00386664918990748
  }
}