{
  "weights": {
    "recent_form": -0.5648100718887343,
    "surface": -0.12271842300789217,
    "distance": 0.18444324105531018,
    "speed_index": -0.37952626675595486,
    "class_change": -0.2828331670446519,
    "venue": 1.144068253142702,
    "condition": 0.21346694133020844,
    "rest": -0.06093729319447262,
    "pace": 0.04136425924278203,
    "weight_stab": 0.03418421054863854
  },
  "bias": 1.0338919294838664,
  "means": {
    "recent_form": 74.76725037257823,
    "surface": 54.29880774962742,
    "distance": 58.08822652757078,
    "speed_index": 83.9828614008942,
    "class_change": 67.06154992548436,
    "venue": 61.403502235469446,
    "condition": 59.69228763040239,
    "rest": 61.618852459016395,
    "pace": 60.51572280178838,
    "weight_stab": 82.18867362146051
  },
  "stds": {
    "recent_form": 21.354146832064984,
    "surface": 12.708340610884838,
    "distance": 12.11951333846388,
    "speed_index": 26.220627677582847,
    "class_change": 12.882753000444366,
    "venue": 11.822182399042255,
    "condition": 13.24633726550649,
    "rest": 10.357993775185717,
    "pace": 15.003863592061279,
    "weight_stab": 8.519225117425627
  },
  "n_samples": 2684,
  "accuracy": 0.8055141579731744,
  "importances": {
    "venue": 1.144068253142702,
    "recent_form": 0.5648100718887343,
    "speed_index": 0.37952626675595486,
    "class_change": 0.2828331670446519,
    "condition": 0.21346694133020844,
    "distance": 0.18444324105531018,
    "surface": 0.12271842300789217,
    "rest": 0.06093729319447262,
    "pace": 0.04136425924278203,
    "weight_stab": 0.03418421054863854
  }
}