{
  "weights": {
    "recent_form": 0.05645998460482435,
    "surface": -0.002792436330054022,
    "distance": 0.1428298445725458,
    "speed_index": 0.11336408982844232,
    "class_change": -0.026819313496802596,
    "venue": 1.2767156300489215,
    "condition": 0.20081378869718094,
    "rest": 0.09868372570146014,
    "pace": 0.01333646197815253,
    "weight_stab": 0.02637202851365245,
    "pedigree": 0.06395201409720315
  },
  "bias": -1.0264317943646863,
  "means": {
    "recent_form": 60.047810017417895,
    "surface": 48.31855856238583,
    "distance": 51.56271931687838,
    "speed_index": 66.77120948213603,
    "class_change": 64.14538213178129,
    "venue": 50.62548324057946,
    "condition": 50.59204086834615,
    "rest": 58.934640384043504,
    "pace": 55.49313054930116,
    "weight_stab": 81.74384638259909,
    "pedigree": 50.35145928034326
  },
  "stds": {
    "recent_form": 22.464075464194806,
    "surface": 10.497246290751104,
    "distance": 11.265042808932701,
    "speed_index": 27.971383412608066,
    "class_change": 14.015437322766237,
    "venue": 11.926272029506045,
    "condition": 12.902555103473434,
    "rest": 10.332745067957527,
    "pace": 17.029217948979813,
    "weight_stab": 8.584165304181852,
    "pedigree": 3.599439051307627
  },
  "n_samples": 47078,
  "accuracy": 0.8053655635328604,
  "importances": {
    "venue": 1.2767156300489215,
    "condition": 0.20081378869718094,
    "distance": 0.1428298445725458,
    "speed_index": 0.11336408982844232,
    "rest": 0.09868372570146014,
    "pedigree": 0.06395201409720315,
    "recent_form": 0.05645998460482435,
    "class_change": 0.026819313496802596,
    "weight_stab": 0.02637202851365245,
    "pace": 0.01333646197815253,
    "surface": 0.002792436330054022
  }
}