{
  "weights": {
    "recent_form": 0.04696948831339365,
    "surface": -0.0005991047873883623,
    "distance": 0.14066048841645692,
    "speed_index": 0.11923059009643193,
    "class_change": -0.022590150316961436,
    "venue": 1.2736713759116278,
    "condition": 0.19891816592483458,
    "rest": 0.0974958575949868,
    "pace": 0.018083493553944494,
    "weight_stab": 0.02036947530665598,
    "pedigree": 0.07057890899874077
  },
  "bias": -1.0300378929207858,
  "means": {
    "recent_form": 59.80822993528175,
    "surface": 48.23871140607609,
    "distance": 51.49333855476318,
    "speed_index": 66.55397996619811,
    "class_change": 64.16033224782555,
    "venue": 50.5550373057422,
    "condition": 50.496310647594704,
    "rest": 58.8301042911909,
    "pace": 55.50643266416588,
    "weight_stab": 81.73259614988253,
    "pedigree": 50.41094026959067
  },
  "stds": {
    "recent_form": 22.487535121164523,
    "surface": 10.450888713641731,
    "distance": 11.236128122668438,
    "speed_index": 28.069643814633363,
    "class_change": 13.999539880024203,
    "venue": 11.899241030128294,
    "condition": 12.854756730194449,
    "rest": 10.308075039305773,
    "pace": 17.05727055053131,
    "weight_stab": 8.58417044189244,
    "pedigree": 3.886415136915972
  },
  "n_samples": 48518,
  "accuracy": 0.8048765406653201,
  "importances": {
    "venue": 1.2736713759116278,
    "condition": 0.19891816592483458,
    "distance": 0.14066048841645692,
    "speed_index": 0.11923059009643193,
    "rest": 0.0974958575949868,
    "pedigree": 0.07057890899874077,
    "recent_form": 0.04696948831339365,
    "class_change": 0.022590150316961436,
    "weight_stab": 0.02036947530665598,
    "pace": 0.018083493553944494,
    "surface": 0.0005991047873883623
  }
}