{
  "weights": {
    "recent_form": -0.6132631183247186,
    "surface": -0.15701353088410933,
    "distance": 0.11073226171125448,
    "speed_index": -0.14125218597581166,
    "class_change": -0.24435475799672166,
    "venue": 1.5018458723706023,
    "condition": 0.22561832776574578,
    "rest": -0.09999116390713983,
    "pace": -0.016601474827557285,
    "weight_stab": 0.02887625867472729,
    "pedigree": 0.0
  },
  "bias": 1.2068695428801983,
  "means": {
    "recent_form": 79.5429234338747,
    "surface": 54.85701856148492,
    "distance": 57.559918793503485,
    "speed_index": 83.9199535962877,
    "class_change": 64.71078886310904,
    "venue": 61.346983758700695,
    "condition": 59.55290023201856,
    "rest": 63.13863109048724,
    "pace": 59.96583526682135,
    "weight_stab": 83.55783062645013,
    "pedigree": 50.0
  },
  "stds": {
    "recent_form": 19.956408173426222,
    "surface": 12.313044718076592,
    "distance": 10.775753707970686,
    "speed_index": 25.13558308233167,
    "class_change": 11.738492398346887,
    "venue": 10.178237962695619,
    "condition": 12.314700237386296,
    "rest": 10.136077257164613,
    "pace": 15.170313040151942,
    "weight_stab": 8.413300302256719,
    "pedigree": 1
  },
  "n_samples": 1724,
  "accuracy": 0.8549883990719258,
  "importances": {
    "venue": 1.5018458723706023,
    "recent_form": 0.6132631183247186,
    "class_change": 0.24435475799672166,
    "condition": 0.22561832776574578,
    "surface": 0.15701353088410933,
    "speed_index": 0.14125218597581166,
    "distance": 0.11073226171125448,
    "rest": 0.09999116390713983,
    "weight_stab": 0.02887625867472729,
    "pace": 0.016601474827557285,
    "pedigree": 0.0
  }
}