{
  "weights": {
    "recent_form": 0.059691343024906696,
    "surface": -0.003382087164011178,
    "distance": 0.14456985913577006,
    "speed_index": 0.11350874532825755,
    "class_change": -0.02686416419903381,
    "venue": 1.2728737538170727,
    "condition": 0.20464831798959313,
    "rest": 0.0990841768956368,
    "pace": 0.012116779196499599,
    "weight_stab": 0.02729936270919244,
    "pedigree": 0.0634333845371956
  },
  "bias": -1.0222988372535253,
  "means": {
    "recent_form": 60.23399001952701,
    "surface": 48.37358646127143,
    "distance": 51.613974831850726,
    "speed_index": 67.01258407463658,
    "class_change": 64.14639618138425,
    "venue": 50.65997396398352,
    "condition": 50.66781080494684,
    "rest": 59.037405077023216,
    "pace": 55.50412019960946,
    "weight_stab": 81.75229333911912,
    "pedigree": 50.30427424604036
  },
  "stds": {
    "recent_form": 22.422901629642674,
    "surface": 10.525938891406652,
    "distance": 11.284454665285304,
    "speed_index": 27.920555204619188,
    "class_change": 14.009053132772527,
    "venue": 11.969411400962928,
    "condition": 12.930995880482648,
    "rest": 10.34694470743095,
    "pace": 17.01201849969669,
    "weight_stab": 8.587132823720662,
    "pedigree": 3.3526149933819784
  },
  "n_samples": 46090,
  "accuracy": 0.8051421132566717,
  "importances": {
    "venue": 1.2728737538170727,
    "condition": 0.20464831798959313,
    "distance": 0.14456985913577006,
    "speed_index": 0.11350874532825755,
    "rest": 0.0990841768956368,
    "pedigree": 0.0634333845371956,
    "recent_form": 0.059691343024906696,
    "weight_stab": 0.02729936270919244,
    "class_change": 0.02686416419903381,
    "pace": 0.012116779196499599,
    "surface": 0.003382087164011178
  }
}