{
  "weights": {
    "recent_form": 0.030706281962750253,
    "surface": 0.016458026592460588,
    "distance": 0.1309173964137501,
    "speed_index": 0.137747879362246,
    "class_change": 0.00033644480479494345,
    "venue": 1.2346367767264619,
    "condition": 0.1788474754055394,
    "rest": 0.11355513175690361,
    "pace": 0.021852740698413423,
    "weight_stab": 0.007278267421605436,
    "pedigree": 0.07808147909190602
  },
  "bias": -1.0627118989711577,
  "means": {
    "recent_form": 58.687729687658624,
    "surface": 47.99429799329972,
    "distance": 51.255817062028356,
    "speed_index": 65.51350208114785,
    "class_change": 64.33432201955941,
    "venue": 50.17618693106832,
    "condition": 50.17095360563095,
    "rest": 58.381425332476056,
    "pace": 55.49057053906805,
    "weight_stab": 81.62895502690264,
    "pedigree": 50.75347703969409
  },
  "stds": {
    "recent_form": 22.48715679214221,
    "surface": 10.222521450916696,
    "distance": 11.188144775530212,
    "speed_index": 28.282002965526686,
    "class_change": 14.01213117637515,
    "venue": 11.856663275834666,
    "condition": 12.644247417668213,
    "rest": 10.188453468870552,
    "pace": 17.20882461994025,
    "weight_stab": 8.58914164446788,
    "pedigree": 5.199088979508935
  },
  "n_samples": 59102,
  "accuracy": 0.8023586342255761,
  "importances": {
    "venue": 1.2346367767264619,
    "condition": 0.1788474754055394,
    "speed_index": 0.137747879362246,
    "distance": 0.1309173964137501,
    "rest": 0.11355513175690361,
    "pedigree": 0.07808147909190602,
    "recent_form": 0.030706281962750253,
    "pace": 0.021852740698413423,
    "surface": 0.016458026592460588,
    "weight_stab": 0.007278267421605436,
    "class_change": 0.00033644480479494345
  }
}