{
  "weights": {
    "recent_form": -0.629303552677277,
    "surface": -0.13630379196353354,
    "distance": 0.05633465320731033,
    "speed_index": -0.16146974775222664,
    "class_change": -0.273594502585896,
    "venue": 1.4875154573420273,
    "condition": 0.25754629538041,
    "rest": -0.09786624947640335,
    "pace": -0.0008280746312047278,
    "weight_stab": 0.02528610783980281
  },
  "bias": 1.1907421641328613,
  "means": {
    "recent_form": 79.82755754475704,
    "surface": 54.6175831202046,
    "distance": 57.56259590792838,
    "speed_index": 83.70076726342711,
    "class_change": 64.53433503836317,
    "venue": 61.23433503836317,
    "condition": 59.25812020460358,
    "rest": 63.15984654731458,
    "pace": 59.754156010230176,
    "weight_stab": 83.63209718670078
  },
  "stds": {
    "recent_form": 20.08136999531238,
    "surface": 12.053169889654384,
    "distance": 10.745667117655447,
    "speed_index": 25.76425137720239,
    "class_change": 11.726784384488411,
    "venue": 9.848405501710033,
    "condition": 12.206716603000173,
    "rest": 10.048413445125359,
    "pace": 15.231958490421436,
    "weight_stab": 8.368691223154832
  },
  "n_samples": 1564,
  "accuracy": 0.8529411764705882,
  "importances": {
    "venue": 1.4875154573420273,
    "recent_form": 0.629303552677277,
    "class_change": 0.273594502585896,
    "condition": 0.25754629538041,
    "speed_index": 0.16146974775222664,
    "surface": 0.13630379196353354,
    "rest": 0.09786624947640335,
    "distance": 0.05633465320731033,
    "weight_stab": 0.02528610783980281,
    "pace": 0.0008280746312047278
  }
}