{
  "weights": {
    "recent_form": -0.4506940147848666,
    "surface": -0.1515774143861515,
    "distance": 0.027018239555405114,
    "speed_index": -0.25591266316167394,
    "class_change": -0.30761740962321926,
    "venue": 1.4343791849521372,
    "condition": 0.2036145519897461,
    "rest": -0.07767379673676113,
    "pace": 0.07186225073861273,
    "weight_stab": -0.024827078093225215
  },
  "bias": 1.086027816950249,
  "means": {
    "recent_form": 78.25729768786128,
    "surface": 53.46264450867052,
    "distance": 57.17138728323699,
    "speed_index": 82.66329479768787,
    "class_change": 65.20809248554913,
    "venue": 60.47037572254335,
    "condition": 58.28070809248555,
    "rest": 61.87933526011561,
    "pace": 58.8842485549133,
    "weight_stab": 83.18721098265897
  },
  "stds": {
    "recent_form": 22.328843005869025,
    "surface": 11.425284388294005,
    "distance": 11.416310425885637,
    "speed_index": 30.38237880327122,
    "class_change": 12.474737749168177,
    "venue": 10.24587980790441,
    "condition": 11.889001781959552,
    "rest": 10.37201273201273,
    "pace": 15.385242173832332,
    "weight_stab": 8.881307236715942
  },
  "n_samples": 1384,
  "accuracy": 0.8244219653179191,
  "importances": {
    "venue": 1.4343791849521372,
    "recent_form": 0.4506940147848666,
    "class_change": 0.30761740962321926,
    "speed_index": 0.25591266316167394,
    "condition": 0.2036145519897461,
    "surface": 0.1515774143861515,
    "rest": 0.07767379673676113,
    "pace": 0.07186225073861273,
    "distance": 0.027018239555405114,
    "weight_stab": 0.024827078093225215
  }
}