{
  "weights": {
    "recent_form": -0.30881290795451316,
    "surface": -0.23055543925192268,
    "distance": 0.08858528508748874,
    "speed_index": -0.15984594781050945,
    "class_change": -0.22084126661792977,
    "venue": 1.5856232562753316,
    "condition": 0.264740367227108,
    "rest": -0.13620974737418945,
    "pace": 0.14309205544920284,
    "weight_stab": -0.030054814521396783
  },
  "bias": 1.1671155435667429,
  "means": {
    "recent_form": 86.79947643979058,
    "surface": 53.5803664921466,
    "distance": 55.76439790575916,
    "speed_index": 83.19895287958116,
    "class_change": 62.14712041884817,
    "venue": 60.77748691099477,
    "condition": 58.537696335078536,
    "rest": 64.66230366492147,
    "pace": 57.05706806282722,
    "weight_stab": 85.73193717277486
  },
  "stds": {
    "recent_form": 19.21202175281396,
    "surface": 10.627971435275608,
    "distance": 9.284688151013274,
    "speed_index": 32.635415814658856,
    "class_change": 10.46955094278711,
    "venue": 8.631263396543366,
    "condition": 10.610144949290767,
    "rest": 9.56288598752518,
    "pace": 15.70606778368583,
    "weight_stab": 8.200480506687114
  },
  "n_samples": 764,
  "accuracy": 0.8429319371727748,
  "importances": {
    "venue": 1.5856232562753316,
    "recent_form": 0.30881290795451316,
    "condition": 0.264740367227108,
    "surface": 0.23055543925192268,
    "class_change": 0.22084126661792977,
    "speed_index": 0.15984594781050945,
    "pace": 0.14309205544920284,
    "rest": 0.13620974737418945,
    "distance": 0.08858528508748874,
    "weight_stab": 0.030054814521396783
  }
}