{
  "weights": {
    "recent_form": 0.03740075145018276,
    "surface": 0.010988090694047704,
    "distance": 0.13361430006420108,
    "speed_index": 0.12712803503601278,
    "class_change": -0.012018810669259325,
    "venue": 1.2514113982896518,
    "condition": 0.19001220044965145,
    "rest": 0.11102582825557937,
    "pace": 0.020391662685736126,
    "weight_stab": 0.01584792581767837,
    "pedigree": 0.06821243410447148
  },
  "bias": -1.0498368540900649,
  "means": {
    "recent_form": 59.14149108888971,
    "surface": 48.09666986458065,
    "distance": 51.34643002103244,
    "speed_index": 65.97455813438619,
    "class_change": 64.26065089849082,
    "venue": 50.331126157706365,
    "condition": 50.30007195306446,
    "rest": 58.53523855208295,
    "pace": 55.52083502453784,
    "weight_stab": 81.6691616545515,
    "pedigree": 50.61720969705915
  },
  "stds": {
    "recent_form": 22.49791869340449,
    "surface": 10.353741866841641,
    "distance": 11.223425952170468,
    "speed_index": 28.230334242467094,
    "class_change": 13.994381918871923,
    "venue": 11.889292530373572,
    "condition": 12.754200183997499,
    "rest": 10.235661969602681,
    "pace": 17.125697218007954,
    "weight_stab": 8.590068844407591,
    "pedigree": 4.726886237626289
  },
  "n_samples": 54202,
  "accuracy": 0.8032175934467363,
  "importances": {
    "venue": 1.2514113982896518,
    "condition": 0.19001220044965145,
    "distance": 0.13361430006420108,
    "speed_index": 0.12712803503601278,
    "rest": 0.11102582825557937,
    "pedigree": 0.06821243410447148,
    "recent_form": 0.03740075145018276,
    "pace": 0.020391662685736126,
    "weight_stab": 0.01584792581767837,
    "class_change": 0.012018810669259325,
    "surface": 0.010988090694047704
  }
}