{
  "weights": {
    "recent_form": -0.46296141561855025,
    "surface": -0.1224056423891165,
    "distance": 0.05631650627223689,
    "speed_index": -0.2827177586442055,
    "class_change": -0.3190330397490935,
    "venue": 1.4329335678900736,
    "condition": 0.22859996697688167,
    "rest": -0.06503936767110534,
    "pace": 0.05993106421181426,
    "weight_stab": -0.03148750541489849
  },
  "bias": 1.1173646670131014,
  "means": {
    "recent_form": 77.51125336927224,
    "surface": 53.5133423180593,
    "distance": 57.389353099730464,
    "speed_index": 82.42722371967655,
    "class_change": 65.45438005390835,
    "venue": 60.548584905660384,
    "condition": 58.34144204851752,
    "rest": 61.732479784366575,
    "pace": 59.13645552560647,
    "weight_stab": 83.09359838274932
  },
  "stds": {
    "recent_form": 22.434322263224214,
    "surface": 11.590606843303153,
    "distance": 11.610501328149185,
    "speed_index": 29.89380508264583,
    "class_change": 12.515033050044222,
    "venue": 10.28325474673205,
    "condition": 12.024911847019183,
    "rest": 10.341630549487737,
    "pace": 15.325392001425223,
    "weight_stab": 8.765633288235648
  },
  "n_samples": 1484,
  "accuracy": 0.8261455525606469,
  "importances": {
    "venue": 1.4329335678900736,
    "recent_form": 0.46296141561855025,
    "class_change": 0.3190330397490935,
    "speed_index": 0.2827177586442055,
    "condition": 0.22859996697688167,
    "surface": 0.1224056423891165,
    "rest": 0.06503936767110534,
    "pace": 0.05993106421181426,
    "distance": 0.05631650627223689,
    "weight_stab": 0.03148750541489849
  }
}