{
  "weights": {
    "recent_form": 0.055581781500253634,
    "surface": 0.044119625167510564,
    "distance": 0.13119026117731775,
    "speed_index": 0.1495207867409463,
    "class_change": -0.06596460144438704,
    "venue": 1.2327404593823297,
    "condition": 0.28787989038472733,
    "rest": 0.1604984147887637,
    "pace": -0.029348360314546944,
    "weight_stab": 0.06712186982714587,
    "pedigree": 0.0
  },
  "bias": -1.2742826372507914,
  "means": {
    "recent_form": 58.39713307411061,
    "surface": 47.12854158203238,
    "distance": 50.42287156868435,
    "speed_index": 63.28936219604202,
    "class_change": 63.76006035633452,
    "venue": 49.227752306888746,
    "condition": 48.94336370495038,
    "rest": 58.52980094016598,
    "pace": 54.53602228541582,
    "weight_stab": 81.57566595090245,
    "pedigree": 50.0
  },
  "stds": {
    "recent_form": 22.46575554637302,
    "surface": 9.848370720724361,
    "distance": 10.736545070602986,
    "speed_index": 27.979546863037882,
    "class_change": 14.149162623439308,
    "venue": 10.509785599159857,
    "condition": 12.157296266535283,
    "rest": 10.269239661391653,
    "pace": 16.978909261158392,
    "weight_stab": 8.64818036044008,
    "pedigree": 1
  },
  "n_samples": 17231,
  "accuracy": 0.8240380709186931,
  "importances": {
    "venue": 1.2327404593823297,
    "condition": 0.28787989038472733,
    "rest": 0.1604984147887637,
    "speed_index": 0.1495207867409463,
    "distance": 0.13119026117731775,
    "weight_stab": 0.06712186982714587,
    "class_change": 0.06596460144438704,
    "recent_form": 0.055581781500253634,
    "surface": 0.044119625167510564,
    "pace": 0.029348360314546944,
    "pedigree": 0.0
  }
}