{
  "weights": {
    "recent_form": 0.04299704032163188,
    "surface": 0.008184136170757994,
    "distance": 0.13775441456613133,
    "speed_index": 0.12249999006414464,
    "class_change": -0.01729577851224455,
    "venue": 1.2562384990484219,
    "condition": 0.19462577091160468,
    "rest": 0.10286052771962874,
    "pace": 0.019157690600733007,
    "weight_stab": 0.015711982801358645,
    "pedigree": 0.06752001088045544
  },
  "bias": -1.0401003552376122,
  "means": {
    "recent_form": 59.373832256589104,
    "surface": 48.14809521087035,
    "distance": 51.41372324814666,
    "speed_index": 66.17473748403941,
    "class_change": 64.25594877365502,
    "venue": 50.40187334438664,
    "condition": 50.373327234958936,
    "rest": 58.59973700760391,
    "pace": 55.53595182284222,
    "weight_stab": 81.69281535265755,
    "pedigree": 50.56036437787052
  },
  "stds": {
    "recent_form": 22.495916348098856,
    "surface": 10.400503169790637,
    "distance": 11.245992302993345,
    "speed_index": 28.164924803638506,
    "class_change": 13.996349432974744,
    "venue": 11.912466500043312,
    "condition": 12.79638007373947,
    "rest": 10.254858689368065,
    "pace": 17.084769814409174,
    "weight_stab": 8.571623967152346,
    "pedigree": 4.511962315232941
  },
  "n_samples": 52473,
  "accuracy": 0.8037466887732738,
  "importances": {
    "venue": 1.2562384990484219,
    "condition": 0.19462577091160468,
    "distance": 0.13775441456613133,
    "speed_index": 0.12249999006414464,
    "rest": 0.10286052771962874,
    "pedigree": 0.06752001088045544,
    "recent_form": 0.04299704032163188,
    "pace": 0.019157690600733007,
    "class_change": 0.01729577851224455,
    "weight_stab": 0.015711982801358645,
    "surface": 0.008184136170757994
  }
}