{
  "weights": {
    "recent_form": -0.5665414773094656,
    "surface": -0.16707975645826495,
    "distance": 0.05756841168728167,
    "speed_index": -0.18988414929968955,
    "class_change": -0.22098009964743912,
    "venue": 1.440972846207624,
    "condition": 0.24973099541302088,
    "rest": -0.07581194677270678,
    "pace": -0.0126679572801849,
    "weight_stab": -0.001746576625558918
  },
  "bias": 1.142312179471547,
  "means": {
    "recent_form": 80.74450146627566,
    "surface": 54.49398826979473,
    "distance": 57.45300586510263,
    "speed_index": 83.90542521994135,
    "class_change": 64.3433284457478,
    "venue": 61.17617302052786,
    "condition": 59.229032258064514,
    "rest": 63.32258064516129,
    "pace": 59.32947214076246,
    "weight_stab": 83.90219941348974
  },
  "stds": {
    "recent_form": 20.138439643901254,
    "surface": 12.13291766772639,
    "distance": 10.804649593652162,
    "speed_index": 26.787898303033682,
    "class_change": 11.645976779062275,
    "venue": 9.915483597535545,
    "condition": 12.218974425606357,
    "rest": 9.966441658017933,
    "pace": 15.382432166905806,
    "weight_stab": 8.295903725513625
  },
  "n_samples": 1364,
  "accuracy": 0.842375366568915,
  "importances": {
    "venue": 1.440972846207624,
    "recent_form": 0.5665414773094656,
    "condition": 0.24973099541302088,
    "class_change": 0.22098009964743912,
    "speed_index": 0.18988414929968955,
    "surface": 0.16707975645826495,
    "rest": 0.07581194677270678,
    "distance": 0.05756841168728167,
    "pace": 0.0126679572801849,
    "weight_stab": 0.001746576625558918
  }
}