{
  "weights": {
    "recent_form": -0.6040880280832142,
    "surface": -0.12589770536667635,
    "distance": 0.1549124518258492,
    "speed_index": -0.2968562349940182,
    "class_change": -0.2669133321726389,
    "venue": 1.1707232388142754,
    "condition": 0.24009442455643826,
    "rest": -0.09247463572112752,
    "pace": 0.003281075221886357,
    "weight_stab": 0.034071828549090355
  },
  "bias": 1.07491944571579,
  "means": {
    "recent_form": 76.84021697754092,
    "surface": 55.36298058622002,
    "distance": 58.67535211267605,
    "speed_index": 84.85135135135135,
    "class_change": 66.19990483441187,
    "venue": 62.15557670346403,
    "condition": 60.675808907499054,
    "rest": 62.52893033878949,
    "pace": 61.22065093262276,
    "weight_stab": 82.7723829463266
  },
  "stds": {
    "recent_form": 19.78922438166375,
    "surface": 13.13388590006546,
    "distance": 12.075992237607723,
    "speed_index": 23.20157487716352,
    "class_change": 12.622960134779046,
    "venue": 11.962574964116016,
    "condition": 13.212987428788676,
    "rest": 10.22805339468274,
    "pace": 14.891003876665113,
    "weight_stab": 8.424635358414749
  },
  "n_samples": 5254,
  "accuracy": 0.8134754472782642,
  "importances": {
    "venue": 1.1707232388142754,
    "recent_form": 0.6040880280832142,
    "speed_index": 0.2968562349940182,
    "class_change": 0.2669133321726389,
    "condition": 0.24009442455643826,
    "distance": 0.1549124518258492,
    "surface": 0.12589770536667635,
    "rest": 0.09247463572112752,
    "weight_stab": 0.034071828549090355,
    "pace": 0.003281075221886357
  }
}