{
  "weights": {
    "recent_form": 0.04550978854742064,
    "surface": 0.002598927666901236,
    "distance": 0.1416619464902041,
    "speed_index": 0.12060442587241935,
    "class_change": -0.022398124775681576,
    "venue": 1.2641357428473876,
    "condition": 0.19512025415709616,
    "rest": 0.10069631217017316,
    "pace": 0.018442979190277067,
    "weight_stab": 0.01685556519958184,
    "pedigree": 0.06699807858733935
  },
  "bias": -1.0324779491328953,
  "means": {
    "recent_form": 59.62432918423208,
    "surface": 48.19419791812351,
    "distance": 51.462925815668015,
    "speed_index": 66.38258975844639,
    "class_change": 64.1907794050069,
    "venue": 50.485221074504004,
    "condition": 50.43257876965495,
    "rest": 58.749815188507725,
    "pace": 55.52333020319275,
    "weight_stab": 81.71564803900021,
    "pedigree": 50.476473996523545
  },
  "stds": {
    "recent_form": 22.494637041248684,
    "surface": 10.410718149487701,
    "distance": 11.245476057352105,
    "speed_index": 28.127479758314728,
    "class_change": 13.987811503085442,
    "venue": 11.89789610100514,
    "condition": 12.815701841226144,
    "rest": 10.290578690522139,
    "pace": 17.062402973769274,
    "weight_stab": 8.582701676377322,
    "pedigree": 4.170635308890095
  },
  "n_samples": 50051,
  "accuracy": 0.804179736668598,
  "importances": {
    "venue": 1.2641357428473876,
    "condition": 0.19512025415709616,
    "distance": 0.1416619464902041,
    "speed_index": 0.12060442587241935,
    "rest": 0.10069631217017316,
    "pedigree": 0.06699807858733935,
    "recent_form": 0.04550978854742064,
    "class_change": 0.022398124775681576,
    "pace": 0.018442979190277067,
    "weight_stab": 0.01685556519958184,
    "surface": 0.002598927666901236
  }
}