{
  "weights": {
    "recent_form": 0.053894659612961665,
    "surface": 0.040269669594465186,
    "distance": 0.13130656879605535,
    "speed_index": 0.15055770426785117,
    "class_change": -0.06579152771714195,
    "venue": 1.2325480640276245,
    "condition": 0.29128022272952975,
    "rest": 0.15930393848800337,
    "pace": -0.027540256759124172,
    "weight_stab": 0.06638523593216258,
    "pedigree": 0.0
  },
  "bias": -1.2769900319211964,
  "means": {
    "recent_form": 58.32940934469586,
    "surface": 47.09916544225683,
    "distance": 50.40176315016162,
    "speed_index": 63.202644725242436,
    "class_change": 63.74553041434029,
    "venue": 49.19784307963562,
    "condition": 48.908039964737,
    "rest": 58.5183661475169,
    "pace": 54.50529532765207,
    "weight_stab": 81.57141345871291,
    "pedigree": 50.0
  },
  "stds": {
    "recent_form": 22.46619472868214,
    "surface": 9.817316072443228,
    "distance": 10.722826180591426,
    "speed_index": 27.991284988743057,
    "class_change": 14.137397770685906,
    "venue": 10.444207031913857,
    "condition": 12.128354733735746,
    "rest": 10.271420885938692,
    "pace": 16.99066275337029,
    "weight_stab": 8.651300821664009,
    "pedigree": 1
  },
  "n_samples": 17015,
  "accuracy": 0.8239200705260065,
  "importances": {
    "venue": 1.2325480640276245,
    "condition": 0.29128022272952975,
    "rest": 0.15930393848800337,
    "speed_index": 0.15055770426785117,
    "distance": 0.13130656879605535,
    "weight_stab": 0.06638523593216258,
    "class_change": 0.06579152771714195,
    "recent_form": 0.053894659612961665,
    "surface": 0.040269669594465186,
    "pace": 0.027540256759124172,
    "pedigree": 0.0
  }
}