{
  "weights": {
    "recent_form": 0.060532338491849316,
    "surface": -0.003348238864551834,
    "distance": 0.14273583367909756,
    "speed_index": 0.11444518594847054,
    "class_change": -0.025625831111404786,
    "venue": 1.2725484761701418,
    "condition": 0.2037461029713204,
    "rest": 0.09854468251162792,
    "pace": 0.012631044394489921,
    "weight_stab": 0.026274546713545437,
    "pedigree": 0.06282176696521342
  },
  "bias": -1.0232503809557496,
  "means": {
    "recent_form": 60.211823331027325,
    "surface": 48.365680127983396,
    "distance": 51.612662141127636,
    "speed_index": 66.98426150121065,
    "class_change": 64.1472868384642,
    "venue": 50.655977602905566,
    "condition": 50.655402542372876,
    "rest": 59.016538395019026,
    "pace": 55.50560575925285,
    "weight_stab": 81.75382869249395,
    "pedigree": 50.31416464891041
  },
  "stds": {
    "recent_form": 22.426928756016792,
    "surface": 10.520323665705334,
    "distance": 11.280452686054593,
    "speed_index": 27.92061997927492,
    "class_change": 14.010781522276828,
    "venue": 11.963783487699734,
    "condition": 12.92417461145676,
    "rest": 10.343570831362179,
    "pace": 17.01552919145912,
    "weight_stab": 8.585791968061988,
    "pedigree": 3.4095598788038286
  },
  "n_samples": 46256,
  "accuracy": 0.8050847457627118,
  "importances": {
    "venue": 1.2725484761701418,
    "condition": 0.2037461029713204,
    "distance": 0.14273583367909756,
    "speed_index": 0.11444518594847054,
    "rest": 0.09854468251162792,
    "pedigree": 0.06282176696521342,
    "recent_form": 0.060532338491849316,
    "weight_stab": 0.026274546713545437,
    "class_change": 0.025625831111404786,
    "pace": 0.012631044394489921,
    "surface": 0.003348238864551834
  }
}