{
  "weights": {
    "recent_form": 0.032317531328907696,
    "surface": 0.014566008470238038,
    "distance": 0.13316445426354898,
    "speed_index": 0.13619063756271083,
    "class_change": -0.00038737292589002457,
    "venue": 1.236943514848598,
    "condition": 0.1801069187647074,
    "rest": 0.11395260178215948,
    "pace": 0.022891033551716417,
    "weight_stab": 0.010380132615951037,
    "pedigree": 0.07528993216545027
  },
  "bias": -1.061842799121501,
  "means": {
    "recent_form": 58.77253112887182,
    "surface": 48.02296847665764,
    "distance": 51.27972249854217,
    "speed_index": 65.62844304188248,
    "class_change": 64.3137498713683,
    "venue": 50.20726340342332,
    "condition": 50.19578259527321,
    "rest": 58.40422941035228,
    "pace": 55.4994563166741,
    "weight_stab": 81.63477000651734,
    "pedigree": 50.732617569375364
  },
  "stds": {
    "recent_form": 22.47319786470654,
    "surface": 10.254152030923388,
    "distance": 11.194717914619629,
    "speed_index": 28.25619078363651,
    "class_change": 14.002872337130784,
    "venue": 11.8677011838302,
    "condition": 12.667482459993884,
    "rest": 10.192512633108079,
    "pace": 17.19096452670532,
    "weight_stab": 8.586782059501395,
    "pedigree": 5.134438483874134
  },
  "n_samples": 58306,
  "accuracy": 0.8025417624258224,
  "importances": {
    "venue": 1.236943514848598,
    "condition": 0.1801069187647074,
    "speed_index": 0.13619063756271083,
    "distance": 0.13316445426354898,
    "rest": 0.11395260178215948,
    "pedigree": 0.07528993216545027,
    "recent_form": 0.032317531328907696,
    "pace": 0.022891033551716417,
    "surface": 0.014566008470238038,
    "weight_stab": 0.010380132615951037,
    "class_change": 0.00038737292589002457
  }
}