{
  "weights": {
    "recent_form": -0.016311333366922493,
    "surface": -0.0040927990046826105,
    "distance": 0.13995278273250605,
    "speed_index": 0.13563775826078522,
    "class_change": -0.011761154431087701,
    "venue": 1.2886951087140623,
    "condition": 0.17699159514193977,
    "rest": 0.1062373023801232,
    "pace": 0.026232118273686326,
    "weight_stab": 0.00034790158911038484,
    "pedigree": 0.09601865688212835
  },
  "bias": -0.8775716222529247,
  "means": {
    "recent_form": 59.55190676664003,
    "surface": 48.42924221006699,
    "distance": 51.77835719992625,
    "speed_index": 66.8681703644521,
    "class_change": 64.69427355417614,
    "venue": 51.019167537336365,
    "condition": 50.81196300165939,
    "rest": 58.45571876344417,
    "pace": 55.96622825886546,
    "weight_stab": 81.60981039886916,
    "pedigree": 51.43082785323582
  },
  "stds": {
    "recent_form": 22.538769558314137,
    "surface": 10.526683498997864,
    "distance": 11.433057999619491,
    "speed_index": 28.34440464621603,
    "class_change": 13.982568141994417,
    "venue": 12.273921077980669,
    "condition": 12.897654615687495,
    "rest": 10.207665957997676,
    "pace": 17.10776145386296,
    "weight_stab": 8.560150041717401,
    "pedigree": 7.100146230963436
  },
  "n_samples": 65084,
  "accuracy": 0.7944809784278778,
  "importances": {
    "venue": 1.2886951087140623,
    "condition": 0.17699159514193977,
    "distance": 0.13995278273250605,
    "speed_index": 0.13563775826078522,
    "rest": 0.1062373023801232,
    "pedigree": 0.09601865688212835,
    "pace": 0.026232118273686326,
    "recent_form": 0.016311333366922493,
    "class_change": 0.011761154431087701,
    "surface": 0.0040927990046826105,
    "weight_stab": 0.00034790158911038484
  }
}